{"assets/images/biriyani.jpg":["assets/images/biriyani.jpg"],"assets/images/burger.jpg":["assets/images/burger.jpg"],"assets/images/cake.jpg":["assets/images/cake.jpg"],"assets/images/pizza.jpg":["assets/images/pizza.jpg"],"assets/images/recipe_logo.png":["assets/images/recipe_logo.png"],"assets/images/screenshot.png":["assets/images/screenshot.png"],"packages/cupertino_icons/assets/CupertinoIcons.ttf":["packages/cupertino_icons/assets/CupertinoIcons.ttf"],"packages/fluttertoast/assets/toastify.css":["packages/fluttertoast/assets/toastify.css"],"packages/fluttertoast/assets/toastify.js":["packages/fluttertoast/assets/toastify.js"]}